{"val_loss":{"0":1.7980916789,"1":1.8381901149,"2":1.807979414,"3":1.8515109438,"4":1.9008912787,"5":1.8225809878,"6":1.832043012,"7":1.8109940038,"8":1.9136543671,"9":1.8894694718},"val_accuracy":{"0":0.25,"1":0.2651515007,"2":0.2878787816,"3":0.2727272809,"4":0.2348484844,"5":0.2689394057,"6":0.2575757504,"7":0.2840909064,"8":0.2159090936,"9":0.2424242496},"loss":{"0":1.8449108553,"1":1.76329379,"2":1.6961362002,"3":1.6090978844,"4":1.5635916654,"5":1.535260851,"6":1.5107406459,"7":1.4812311064,"8":1.4666580894,"9":1.4551925691},"accuracy":{"0":0.1957805902,"1":0.2451476753,"2":0.2827004194,"3":0.3303797543,"4":0.3320675194,"5":0.3493670821,"6":0.3670886159,"7":0.3734177351,"8":0.3915611804,"9":0.397046417}}