{"val_loss":{"0":1.7767446201,"1":1.7750378698,"2":1.7455608228,"3":1.730064527,"4":1.7290869498,"5":1.7207036733,"6":1.708695371,"7":1.7039206636,"8":1.709894337,"9":1.6906058623},"val_accuracy":{"0":0.178815484,"1":0.1617312133,"2":0.2004555762,"3":0.2323462367,"4":0.2289293855,"5":0.2357631028,"6":0.2425968051,"7":0.2710706294,"8":0.2437357605,"9":0.2528473735},"loss":{"0":1.7799939661,"1":1.7287902601,"2":1.692984712,"3":1.6698337895,"4":1.6501573904,"5":1.6329361882,"6":1.6165495551,"7":1.6051919942,"8":1.5887085606,"9":1.5667232502},"accuracy":{"0":0.2251328826,"1":0.2585421503,"2":0.2680334151,"3":0.2733485103,"4":0.280941546,"5":0.2775246799,"6":0.2877752483,"7":0.3257403076,"8":0.3470007479,"9":0.364844352}}